{
  "alias" : "Estatua_ReiDJose_Cylinder.001_Material.008",
  "vertices" : [0.598598,8.132877,5.202398,0.598598,16.265543,5.202398,0.850568,8.132877,5.248858,0.850568,16.265543,5.248858,1.088632,8.132877,5.343582,1.088632,16.265543,5.343582,1.303641,8.132877,5.48293,1.303641,16.265543,5.48293,1.487334,8.132877,5.661547,1.487334,16.265543,5.661547,1.632651,8.132877,5.872569,1.632651,16.265543,5.872569,1.734008,8.132877,6.107885,1.734008,16.265543,6.107885,1.787509,8.132877,6.358454,1.787509,16.265543,6.358454,1.791098,8.132877,6.614645,1.791098,16.265543,6.614645,1.744638,8.132877,6.866614,1.744638,16.265543,6.866614,1.649914,8.132877,7.104678,1.649914,16.265543,7.104678,1.510566,8.132877,7.319688,1.510566,16.265543,7.319688,1.331949,8.132877,7.503381,1.331949,16.265543,7.503381,1.120928,8.132877,7.648698,1.120928,16.265543,7.648698,0.885611,8.132877,7.750055,0.885611,16.265543,7.750055,0.635042,8.132877,7.803555,0.635042,16.265543,7.803555,0.37885,8.132877,7.807145,0.37885,16.265543,7.807145,0.126881,8.132877,7.760685,0.126881,16.265543,7.760685,-0.111183,8.132877,7.665961,-0.111183,16.265543,7.665961,-0.326193,8.132877,7.526612,-0.326193,16.265543,7.526612,-0.509886,8.132877,7.347996,-0.509886,16.265543,7.347996,-0.655203,8.132877,7.136974,-0.655203,16.265543,7.136974,-0.756559,8.132877,6.901657,-0.756559,16.265543,6.901657,-0.81006,8.132877,6.651088,-0.81006,16.265543,6.651088,-0.813649,8.132877,6.394897,-0.813649,16.265543,6.394897,-0.767189,8.132877,6.142927,-0.767189,16.265543,6.142927,-0.672464,8.132877,5.904863,-0.672464,16.265543,5.904863,-0.533116,8.132877,5.689854,-0.533116,16.265543,5.689854,-0.354499,8.132877,5.506161,-0.354499,16.265543,5.506161,-0.143477,8.132877,5.360844,-0.143477,16.265543,5.360844,0.09184,8.132877,5.259488,0.09184,16.265543,5.259488,0.342409,8.132877,5.205987,0.342409,16.265543,5.205987],
  "indices" : [1,2,0,3,4,2,5,6,4,7,8,6,9,10,8,11,12,10,13,14,12,15,16,14,17,18,16,19,20,18,21,22,20,23,24,22,25,26,24,27,28,26,29,30,28,31,32,30,33,34,32,35,36,34,37,38,36,39,40,38,41,42,40,43,44,42,45,46,44,47,48,46,49,50,48,51,52,50,53,54,52,55,56,54,57,58,56,59,60,58,61,62,60,63,0,62,14,30,46,37,21,5,1,3,2,3,5,4,5,7,6,7,9,8,9,11,10,11,13,12,13,15,14,15,17,16,17,19,18,19,21,20,21,23,22,23,25,24,25,27,26,27,29,28,29,31,30,31,33,32,33,35,34,35,37,36,37,39,38,39,41,40,41,43,42,43,45,44,45,47,46,47,49,48,49,51,50,51,53,52,53,55,54,55,57,56,57,59,58,59,61,60,61,63,62,63,1,0,62,0,2,2,4,6,6,8,10,10,12,6,12,14,6,14,16,18,18,20,14,20,22,14,22,24,30,24,26,30,26,28,30,30,32,34,34,36,38,38,40,42,42,44,46,46,48,50,50,52,54,54,56,62,56,58,62,58,60,62,62,2,6,30,34,46,34,38,46,38,42,46,46,50,62,50,54,62,62,6,14,14,22,30,62,14,46,5,3,1,1,63,5,63,61,5,61,59,57,57,55,53,53,51,49,49,47,45,45,43,37,43,41,37,41,39,37,37,35,33,33,31,37,31,29,37,29,27,25,25,23,21,21,19,17,17,15,21,15,13,21,13,11,9,9,7,5,61,57,5,57,53,5,53,49,37,49,45,37,29,25,37,25,21,37,13,9,5,21,13,5,5,53,37],
  "Ns" : 225.00000,
  "Ka" : [1.00000,1.00000,1.00000],
  "Kd" : [0.80000,0.80000,0.80000],
  "Ks" : [0.50000,0.50000,0.50000],
  "Ni" : 1.45000,
  "d" : 1.00000,
  "illum" : 2
}