{
  "alias" : "Chao_Plane.068_Material.013",
  "vertices" : [-372.146454,0.134895,393.315918,374.3685,0.134895,393.315918,-372.146454,0.134895,-373.324585,374.3685,0.134895,-373.324585],
  "indices" : [1,2,0,1,3,2],
  "Ns" : 225.00000,
  "Ka" : [1.00000,1.00000,1.00000],
  "Kd" : [0.80000,0.80000,0.80000],
  "Ks" : [0.50000,0.50000,0.50000],
  "Ni" : 1.45000,
  "d" : 1.00000,
  "illum" : 2
}