{
  "alias" : "Edificio.003_Cube.009_Material.004",
  "vertices" : [113.787186,0.009089,52.159489,113.787186,13.009089,52.159489,112.213287,0.009089,82.19136,112.213287,13.009089,82.19136,87.559525,0.009089,50.784958,87.559525,13.009089,50.784958,85.985626,0.009089,80.816826,85.985626,13.009089,80.816826],
  "indices" : [1,2,0,3,6,2,7,4,6,5,0,4,6,0,2,3,5,7,1,3,2,3,7,6,7,5,4,5,1,0,6,4,0,3,1,5],
  "Ns" : 225.00000,
  "Ka" : [1.00000,1.00000,1.00000],
  "Kd" : [0.80000,0.80000,0.80000],
  "Ks" : [0.50000,0.50000,0.50000],
  "Ni" : 1.45000,
  "d" : 1.00000,
  "illum" : 2
}