{
  "alias" : "Arco.002_Plane.007_None",
  "vertices" : [569.338501,-16.349876,-13.757013,571.312988,-16.363766,-13.757013,569.340576,-16.338352,-27.907293,571.312988,-16.363754,-27.907293,567.36438,-16.363766,-13.757013,567.36438,-16.363754,-27.907293,571.258423,5.088233,-13.757002,571.09491,5.876321,-13.757002,570.834229,6.549401,-13.757002,570.503296,7.070583,-13.757002,570.130981,7.430822,-13.757002,569.738647,7.639143,-13.757001,569.338684,7.707021,-13.757001,568.938721,7.639143,-13.757001,568.546387,7.430822,-13.757002,568.174133,7.070583,-13.757002,567.84314,6.549402,-13.757002,567.58252,5.876321,-13.757002,567.418945,5.088233,-13.757002,571.258423,5.088247,-27.907284,571.09491,5.876335,-27.907284,570.834229,6.549415,-27.907282,570.503296,7.070597,-27.907284,570.130981,7.430836,-27.907284,569.738647,7.639155,-27.907284,569.338684,7.707033,-27.907284,568.938721,7.639155,-27.907284,568.546387,7.430836,-27.907284,568.174133,7.070597,-27.907284,567.84314,6.549415,-27.907284,567.58252,5.876334,-27.907282,567.418945,5.088247,-27.907284],
  "indices" : [1,0,2,0,4,5,0,18,4,5,4,18,5,31,2,0,17,18,0,16,17,0,15,16,0,14,15,0,13,14,0,12,13,0,11,12,0,10,11,0,9,10,0,8,9,0,7,8,0,6,7,0,1,6,18,17,30,30,17,16,29,16,15,28,15,14,27,14,13,26,13,12,12,11,24,11,10,23,23,10,9,22,9,8,21,8,7,20,7,6,19,6,1,31,30,2,30,29,2,29,28,2,28,27,2,27,26,2,26,25,2,25,24,2,24,23,2,23,22,2,22,21,2,21,20,2,20,19,2,19,3,2,1,2,3,0,5,2,5,18,31,18,30,31,30,16,29,29,15,28,28,14,27,27,13,26,26,12,25,12,24,25,11,23,24,23,9,22,22,8,21,21,7,20,20,6,19,19,1,3],
  "Ns" : 500.00000,
  "Ka" : [0.80000,0.80000,0.80000],
  "Kd" : [0.80000,0.80000,0.80000],
  "Ks" : [0.80000,0.80000,0.80000],
  "d" : 1.00000,
  "illum" : 2
}