{
  "alias" : "Edificio.004_Cube.008_Material.004",
  "vertices" : [-88.466751,0.009089,41.910648,-88.466751,13.009089,41.910648,-89.696671,0.009089,65.378838,-89.696671,13.009089,65.378838,-112.961151,0.009089,40.626953,-112.961151,13.009089,40.626953,-114.191071,0.009089,64.095139,-114.191071,13.009089,64.095139],
  "indices" : [1,2,0,3,6,2,7,4,6,5,0,4,6,0,2,3,5,7,1,3,2,3,7,6,7,5,4,5,1,0,6,4,0,3,1,5],
  "Ns" : 225.00000,
  "Ka" : [1.00000,1.00000,1.00000],
  "Kd" : [0.80000,0.80000,0.80000],
  "Ks" : [0.50000,0.50000,0.50000],
  "Ni" : 1.45000,
  "d" : 1.00000,
  "illum" : 2
}