{
  "alias" : "Telhado.002_Cube.027_Material.002",
  "vertices" : [-60.366867,13.00966,-102.223831,-53.941841,21.593307,-108.881073,-47.575798,13.00966,-101.545441,-58.139107,13.00966,-144.731995,-51.888218,21.593309,-137.688232,-45.348038,13.00966,-144.053604,-3.786697,13.00966,-99.259735,-10.012859,21.593309,-106.123383,-3.059956,13.00966,-112.98394,-60.356045,13.00966,-102.212883,-59.629303,13.00966,-115.937088,-2.331646,13.00966,-127.96347,-8.147518,21.593309,-134.836731,-1.604904,13.00966,-141.687683,-58.831219,13.00966,-131.056946,-58.104477,13.00966,-144.781143,-16.577381,13.00966,-99.900726,-3.786312,13.00966,-99.222336,-14.349625,13.00966,-142.40889,-1.558556,13.00966,-141.730515],
  "indices" : [0,2,1,2,5,4,5,3,4,3,0,1,5,2,0,6,8,7,7,8,10,10,9,1,9,6,7,10,8,6,11,13,12,13,15,4,15,14,4,4,14,11,15,13,11,16,17,7,17,19,12,19,18,12,18,16,7,19,17,16,2,4,1,3,1,4,5,0,3,7,10,1,9,7,1,10,6,9,13,4,12,4,11,12,15,11,14,17,12,7,18,7,12,19,16,18],
  "Ns" : 225.00000,
  "Ka" : [1.00000,1.00000,1.00000],
  "Kd" : [0.80000,0.80000,0.80000],
  "Ks" : [0.50000,0.50000,0.50000],
  "Ni" : 1.45000,
  "d" : 1.00000,
  "illum" : 2
}