{
  "alias" : "Arco_frente_Plane_Material",
  "vertices" : [-3.099516,0.044421,-93.230286,16.345535,0.044421,-92.16375,-3.099516,26.357336,-93.230278,16.345535,26.357336,-92.163742,10.386003,0.044421,-92.468666,10.295683,3.069922,-92.48307,8.002642,12.700325,-92.621338,2.964989,10.593691,-92.897652,4.853463,12.700325,-92.794067,6.428052,13.079834,-92.707703,5.631351,12.986238,-92.751404,7.224753,12.986238,-92.664009,9.382315,11.504041,-92.54567,3.47379,11.504041,-92.869743,4.120827,12.20955,-92.834251,8.735278,12.20955,-92.581161,9.891115,10.593689,-92.517761,10.212708,9.518832,-92.500122,2.643397,9.518833,-92.915291,2.563405,0.044421,-92.919678],
  "indices" : [9,11,3,2,0,18,0,19,18,4,1,5,1,3,17,17,5,1,2,18,7,2,7,13,16,17,3,12,16,3,3,2,9,2,13,14,2,14,8,15,12,3,6,15,3,2,8,10,2,10,9,11,6,3],
  "Ns" : 323.99999,
  "Ka" : [1.00000,1.00000,1.00000],
  "Kd" : [0.80000,0.80000,0.80000],
  "Ks" : [0.50000,0.50000,0.50000],
  "Ni" : 1.45000,
  "d" : 1.00000,
  "illum" : 2
}