{
  "alias" : "Telhado.004_Cube.031_Material.002",
  "vertices" : [-114.170021,13.012123,64.053986,-101.170708,17.353882,53.0634,-112.988655,13.012123,40.626518,-89.735321,13.012123,65.273384,-88.520721,13.012123,41.913689],
  "indices" : [0,1,2,2,1,4,4,1,3,3,1,0,2,3,0,2,4,3],
  "Ns" : 225.00000,
  "Ka" : [1.00000,1.00000,1.00000],
  "Kd" : [0.80000,0.80000,0.80000],
  "Ks" : [0.50000,0.50000,0.50000],
  "Ni" : 1.45000,
  "d" : 1.00000,
  "illum" : 2
}