{
  "alias" : "Telhado.005_Cube.041_Material.002",
  "vertices" : [89.976852,13.026533,-122.786522,99.029701,20.403097,-131.345398,90.873947,13.026533,-139.904266,129.606674,13.026533,-120.91185,122.164803,20.403097,-129.470718,130.925354,13.026533,-138.029587,113.749359,13.026531,-138.822464,122.308235,20.403099,-129.546082,130.867111,13.026531,-137.925369,111.46077,13.026531,-95.557266,120.019638,20.403099,-103.678734,128.578506,13.026531,-94.660164,88.561203,13.026532,-96.560028,97.614052,20.403099,-105.118896,89.458305,13.026532,-113.677765,128.61261,13.026532,-94.685356,120.213402,20.403099,-103.244225,120.661957,13.026532,-111.803101,90.927216,13.026531,-139.930588,99.121262,20.403099,-131.31749,108.04496,13.026531,-139.033478,88.638626,13.026531,-96.807541,97.197495,20.403099,-104.999146,105.756371,13.026531,-95.910446],
  "indices" : [0,1,2,1,5,2,5,4,3,3,1,0,2,3,0,6,7,8,7,11,8,11,10,9,10,6,9,11,6,8,12,13,14,13,17,14,17,16,15,16,12,15,17,12,14,18,19,20,19,23,20,23,22,21,22,18,21,23,18,20,1,4,5,3,4,1,2,5,3,7,10,11,10,7,6,11,9,6,13,16,17,16,13,12,17,15,12,19,22,23,22,19,18,23,21,18],
  "Ns" : 225.00000,
  "Ka" : [1.00000,1.00000,1.00000],
  "Kd" : [0.80000,0.80000,0.80000],
  "Ks" : [0.50000,0.50000,0.50000],
  "Ni" : 1.45000,
  "d" : 1.00000,
  "illum" : 2
}