{
  "alias" : "Cube.007_Cube.030_Material.002",
  "vertices" : [17.923426,13.00966,-98.432785,24.102955,21.593307,-105.093979,30.201805,13.00966,-97.777252,20.135164,13.00966,-140.758087,26.12397,21.593309,-133.776352,32.413544,13.00966,-140.106628,72.235825,13.00966,-95.710281,66.270454,21.593309,-102.51326,72.957108,13.00966,-109.335831,17.933794,13.00966,-98.421867,18.655062,13.00966,-112.132561,73.682037,13.00966,-124.473091,68.110558,21.593309,-131.286331,74.403305,13.00966,-138.098648,19.447224,13.00966,-127.181396,20.168495,13.00966,-140.806946,59.957752,13.00966,-96.324615,72.23613,13.00966,-95.673157,62.169495,13.00966,-138.792694,74.447876,13.00966,-138.141235],
  "indices" : [0,2,1,2,5,4,5,3,4,3,0,1,5,2,0,6,8,7,7,8,10,10,9,1,9,6,7,10,8,6,11,13,12,13,15,4,15,14,4,4,14,11,15,13,11,16,17,7,17,19,12,19,18,12,18,16,7,19,17,16,2,4,1,3,1,4,5,0,3,7,10,1,9,7,1,10,6,9,13,4,12,4,11,12,15,11,14,17,12,7,18,7,12,19,16,18],
  "Ns" : 225.00000,
  "Ka" : [1.00000,1.00000,1.00000],
  "Kd" : [0.80000,0.80000,0.80000],
  "Ks" : [0.50000,0.50000,0.50000],
  "Ni" : 1.45000,
  "d" : 1.00000,
  "illum" : 2
}