{
  "alias" : "Edificio.006_Cube.005_Material.005",
  "vertices" : [-3.129267,0.00621,-94.606995,-3.129267,26.339577,-94.606995,-2.032578,0.00621,-115.533058,-2.032578,26.339577,-115.533058,16.324163,0.00621,-93.587486,16.324163,26.339577,-93.587486,17.420853,0.00621,-114.51355,17.420853,26.339577,-114.51355,17.420853,26.339577,-114.51355,3.430499,11.824814,-94.263214,4.527186,11.824816,-115.189278,9.414758,11.824814,-93.949593,10.511446,11.824815,-114.875656,2.581851,10.363647,-94.307693,3.678537,10.363647,-115.233749,5.622465,12.914555,-94.148338,6.719153,12.914557,-115.074402,4.837521,12.706235,-94.189476,5.934208,12.706237,-115.11554,8.752569,12.345996,-93.984299,9.849257,12.345998,-114.910355,2.909064,11.151733,-94.290543,4.005751,11.151735,-115.216599,8.007738,12.706235,-94.023331,9.104425,12.706237,-114.949394,7.222793,12.914555,-94.064468,8.319481,12.914557,-114.990532,6.422629,12.982433,-94.106407,7.519317,12.982435,-115.032463,2.529132,0.00621,-94.310455,3.625821,0.00621,-115.236511,10.263408,10.363647,-93.905121,11.360096,10.363647,-114.831177,11.412814,0.00621,-114.828415,4.092689,12.345996,-94.228516,5.189377,12.345997,-115.154572,9.936194,11.151733,-93.922264,11.032883,11.151735,-114.848328,10.316126,0.00621,-93.902359],
  "indices" : [1,2,0,3,5,7,7,5,8,6,7,8,5,6,8,4,33,6,27,25,5,28,16,3,13,30,14,34,10,35,36,12,37,31,33,38,25,28,26,11,20,12,23,26,24,31,37,32,15,18,16,9,22,10,22,13,14,17,35,18,29,2,30,19,24,20,28,15,16,1,3,2,3,1,5,5,4,6,4,38,33,1,0,13,0,29,13,38,4,31,4,5,31,1,13,21,1,21,9,36,31,5,11,36,5,5,1,27,1,9,34,1,34,17,19,11,5,23,19,5,1,17,15,1,15,27,25,23,5,30,2,14,2,3,14,8,6,32,6,33,32,22,14,3,8,32,37,8,37,12,10,22,3,35,10,3,3,8,28,8,12,20,8,20,24,18,35,3,16,18,3,8,24,26,8,26,28,13,29,30,34,9,10,36,11,12,31,32,33,25,27,28,11,19,20,23,25,26,31,36,37,15,17,18,9,21,22,22,21,13,17,34,35,29,0,2,19,23,24,28,27,15],
  "Ns" : 225.00000,
  "Ka" : [1.00000,1.00000,1.00000],
  "Kd" : [0.80000,0.80000,0.80000],
  "Ks" : [0.50000,0.50000,0.50000],
  "Ni" : 1.45000,
  "d" : 1.00000,
  "illum" : 2
}