{
  "alias" : "Telhado_Cube.032_Material.002",
  "vertices" : [-97.655418,13.027164,39.741699,-112.002922,17.309977,38.964668,-126.350418,13.027164,38.187634,-90.744408,13.027164,-89.093018,-105.091904,17.309977,-89.870041,-119.277596,13.027164,-90.647079],
  "indices" : [0,1,2,2,4,5,5,4,3,3,1,0,2,3,0,2,1,4,3,4,1,2,5,3],
  "Ns" : 225.00000,
  "Ka" : [1.00000,1.00000,1.00000],
  "Kd" : [0.80000,0.80000,0.80000],
  "Ks" : [0.50000,0.50000,0.50000],
  "Ni" : 1.45000,
  "d" : 1.00000,
  "illum" : 2
}