{
  "alias" : "Telhado.003_Cube.020_Material.002",
  "vertices" : [113.749939,13.002537,52.223209,112.837669,17.4265,67.399559,87.59893,13.002537,50.898773,86.903305,17.4265,66.026443,112.210175,13.002537,82.240585,86.011551,13.002537,80.949623],
  "indices" : [1,0,2,2,5,3,5,4,1,4,0,1,2,0,4,1,2,3,5,1,3,2,4,5],
  "Ns" : 225.00000,
  "Ka" : [1.00000,1.00000,1.00000],
  "Kd" : [0.80000,0.80000,0.80000],
  "Ks" : [0.50000,0.50000,0.50000],
  "Ni" : 1.45000,
  "d" : 1.00000,
  "illum" : 2
}