{
  "alias" : "Telhado.006_Cube.010_Material.002",
  "vertices" : [-111.408813,13.026533,-130.952515,-102.355957,20.403097,-139.511383,-110.511703,13.026533,-148.070251,-71.778976,13.026533,-129.077835,-79.220856,20.403097,-137.636703,-70.460304,13.026533,-146.195572,-87.636299,13.026531,-146.988449,-79.077423,20.403099,-137.712067,-70.518555,13.026531,-146.091354,-89.924889,13.026531,-103.723251,-81.36602,20.403099,-111.844719,-72.807144,13.026531,-102.826149,-112.824463,13.026532,-104.726013,-103.771606,20.403099,-113.284882,-111.927353,13.026532,-121.84375,-72.773056,13.026532,-102.851341,-81.172256,20.403099,-111.41021,-80.723701,13.026532,-119.969086,-110.458435,13.026531,-148.096573,-102.264397,20.403099,-139.483475,-93.340698,13.026531,-147.199463,-112.747032,13.026531,-104.973526,-104.188164,20.403099,-113.165131,-95.629288,13.026531,-104.076431],
  "indices" : [0,1,2,1,5,2,5,4,3,3,1,0,2,3,0,6,7,8,7,11,8,11,10,9,10,6,9,11,6,8,12,13,14,13,17,14,17,16,15,16,12,15,17,12,14,18,19,20,19,23,20,23,22,21,22,18,21,23,18,20,1,4,5,3,4,1,2,5,3,7,10,11,10,7,6,11,9,6,13,16,17,16,13,12,17,15,12,19,22,23,22,19,18,23,21,18],
  "Ns" : 225.00000,
  "Ka" : [1.00000,1.00000,1.00000],
  "Kd" : [0.80000,0.80000,0.80000],
  "Ks" : [0.50000,0.50000,0.50000],
  "Ni" : 1.45000,
  "d" : 1.00000,
  "illum" : 2
}