{
  "alias" : "Telhado.001_Cube.014_Material.002",
  "vertices" : [96.070877,13.506073,49.42202,102.954071,20.910963,42.684105,103.554909,13.506073,-80.517586,109.878273,20.910963,-73.611336,109.643005,13.506073,50.18256,102.971916,20.910963,42.685104,116.931877,13.506073,-79.692444,96.885452,13.506073,35.703362,102.933647,20.910963,42.695915,140.989029,13.506073,38.174789,140.601654,20.910963,45.087429,96.110321,13.506073,49.535896,102.932625,20.910963,42.714096,140.213898,13.506073,52.007324,140.601257,20.910963,45.094685,110.411896,13.506073,36.461342,103.112595,20.770935,42.567574,103.098068,20.770935,42.826885,96.116554,13.506073,49.42458,98.270691,13.506073,35.780987,96.141098,13.506073,48.986546,110.174171,13.506073,40.703747,96.116554,13.506073,49.42458,146.832001,13.518461,-64.636139,147.344727,20.923353,-72.385712,147.50032,13.518461,-78.191071,102.900497,13.518461,-66.832352,109.871536,20.923353,-73.645103,103.559288,13.518461,-80.634109],
  "indices" : [1,2,0,2,3,6,17,4,21,4,17,18,21,22,0,3,1,5,16,10,15,9,14,13,13,12,11,12,16,20,15,13,20,10,12,14,17,0,22,23,28,25,26,27,28,27,25,28,23,25,24,23,27,26,1,3,2,21,6,3,3,5,21,5,17,21,0,2,21,2,6,21,21,4,22,19,7,16,16,8,10,10,9,15,15,19,16,9,10,14,13,14,12,20,11,12,12,8,16,16,7,20,15,9,13,13,11,20,20,7,19,19,15,20,10,8,12,17,5,1,22,4,18,17,1,0,22,18,17,23,26,28,27,24,25,23,24,27],
  "Ns" : 225.00000,
  "Ka" : [1.00000,1.00000,1.00000],
  "Kd" : [0.80000,0.80000,0.80000],
  "Ks" : [0.50000,0.50000,0.50000],
  "Ni" : 1.45000,
  "d" : 1.00000,
  "illum" : 2
}