{
  "alias" : "Chao_Telhado_Cube.034_None",
  "vertices" : [-103.769997,13.72639,-115.597595,-103.769997,15.72639,-115.597595,-101.806335,13.72639,-143.994095,-101.806335,15.72639,-143.994095,-80.555115,13.72639,-114.682175,-80.555115,15.72639,-114.682175,-78.591461,13.72639,-143.078674,-78.591461,15.72639,-143.078674],
  "indices" : [1,2,0,3,6,2,7,4,6,5,0,4,2,4,0,3,5,7,1,3,2,3,7,6,7,5,4,5,1,0,2,6,4,3,1,5],
  "Ns" : 500.00000,
  "Ka" : [0.80000,0.80000,0.80000],
  "Kd" : [0.80000,0.80000,0.80000],
  "Ks" : [0.80000,0.80000,0.80000],
  "d" : 1.00000,
  "illum" : 2
}